,Gender,Married,Dependents,Education,Self_Employed,ApplicantIncome,CoapplicantIncome,LoanAmount,Loan_Amount_Term,Credit_History,Property_Area
0,Male,No,0,Graduate,No,0.07293135984867923,0.0,0.0,360.0,1.0,Urban
1,Male,Yes,1,Graduate,No,-0.13430245319192854,1508.0,-0.2190946808579731,360.0,1.0,Rural
2,Male,Yes,0,Graduate,Yes,-0.3934265653904136,0.0,-0.9568608428956836,360.0,1.0,Urban
3,Male,Yes,0,Not Graduate,No,-0.4616860440933626,2358.0,-0.3142903146692906,360.0,1.0,Urban
4,Male,No,0,Graduate,No,0.09764882096173749,0.0,-0.06440177591458218,360.0,1.0,Urban
5,Male,Yes,2,Graduate,Yes,0.002216504213969467,4196.0,1.4349294566136683,360.0,1.0,Urban
6,Male,Yes,0,Not Graduate,No,-0.5026089929560419,1516.0,-0.6117766703296578,360.0,1.0,Urban
7,Male,Yes,3,Graduate,No,-0.38753366075418777,2504.0,0.1378889459344675,360.0,0.0,Semiurban
8,Male,Yes,2,Graduate,No,-0.22875261916699227,1526.0,0.25688348819861434,360.0,1.0,Urban
9,Male,Yes,1,Graduate,No,1.2174643936400926,10968.0,2.4106847031796725,360.0,1.0,Semiurban
10,Male,Yes,2,Graduate,No,-0.3606882063002702,700.0,-0.909263025990025,360.0,1.0,Urban
11,Male,Yes,2,Graduate,No,-0.4752724631157721,1840.0,-0.44518431115985213,360.0,1.0,Urban
12,Male,Yes,2,Graduate,No,-0.3814770643225113,8106.0,0.6376660234438843,360.0,1.0,Urban
13,Male,No,0,Graduate,No,-0.581181054772386,2840.0,-0.3856870400277787,360.0,1.0,Rural
14,Male,Yes,2,Graduate,No,-0.6718663094520833,1086.0,-1.5399340999900033,120.0,1.0,Urban
15,Male,No,0,Graduate,No,-0.07422756426151539,0.0,-0.25479304353721716,360.0,1.0,Urban
16,Male,No,1,Not Graduate,No,-0.29586625530178623,0.0,-0.5522793991975843,240.0,1.0,Urban
17,Female,No,0,Graduate,No,-0.3099437497105479,0.0,-0.8378663006315368,360.0,0.0,Urban
18,Male,Yes,0,Not Graduate,No,-0.08454014737491056,0.0,-0.15959740972589967,360.0,1.0,Rural
19,Male,Yes,0,Graduate,No,-0.4589032835707004,3500.0,-0.373787585801364,360.0,1.0,Urban
20,Male,Yes,0,Not Graduate,No,0.36937720140992775,0.0,-0.5046815822919256,360.0,0.0,Urban
21,Male,Yes,1,Graduate,No,0.09028269016645522,5625.0,2.006103259481573,360.0,1.0,Urban
22,Male,Yes,0,Not Graduate,No,-0.4589032835707004,1911.0,-0.3618881315749493,360.0,0.0,Semiurban
23,Male,Yes,2,Not Graduate,No,-0.33367906005090187,1917.0,-0.4094859484806081,360.0,0.0,Rural
24,Male,Yes,1,Graduate,No,-0.27605954805224947,2925.0,0.054592766349564684,360.0,1.0,Semiurban
25,Male,Yes,0,Graduate,Yes,0.6803916127662901,0.0,0.5305709354061522,360.0,1.0,Semiurban
26,Male,Yes,0,Graduate,No,-0.4263286162760077,2253.0,-0.29049140621646125,360.0,1.0,Semiurban
27,Male,Yes,2,Not Graduate,No,-0.19274042416783452,1040.0,-0.43328485693343743,360.0,1.0,Urban
28,Male,No,0,Not Graduate,No,-0.6484583827026307,0.0,-1.325743923914539,360.0,1.0,Urban
29,Female,No,2,Graduate,No,-0.2706577188023758,2083.0,-0.3142903146692906,360.0,1.0,Semiurban
30,Male,Yes,1,Graduate,No,-0.20256193189487753,3369.0,0.649565477670299,360.0,1.0,Urban
31,Male,No,0,Graduate,No,-0.36609003555014386,0.0,-0.8616652090843662,360.0,1.0,Urban
32,Male,No,1,Graduate,Yes,-0.11646004748780038,0.0,-0.4808826738390962,360.0,1.0,Rural
33,Male,Yes,0,Graduate,No,-0.3115806676650551,1667.0,-0.3856870400277787,360.0,1.0,Semiurban
34,Male,No,3+,Graduate,No,1.1616454913913983,3000.0,2.0656005306136467,360.0,1.0,Rural
35,Male,Yes,0,Graduate,No,-0.5121031170921835,2067.0,0.0,360.0,1.0,Urban
36,Male,Yes,0,Graduate,No,-0.585273349658654,1330.0,-0.5522793991975843,360.0,0.0,Urban
37,Female,Yes,0,Graduate,No,-0.28424413782478536,1459.0,-0.02870341323533812,360.0,1.0,Semiurban
38,Male,No,0,Graduate,No,-0.20256193189487753,7210.0,0.4472747558212493,360.0,1.0,Urban
39,Male,No,0,Not Graduate,No,-0.2709851023932773,1668.0,-0.43328485693343743,360.0,1.0,Semiurban
40,Male,No,0,Graduate,No,-0.2952114881199834,0.0,-0.7902684837258781,360.0,1.0,Urban
41,Male,No,0,Graduate,No,-0.589856719931274,1213.0,-1.1829504731975626,360.0,1.0,Urban
42,Male,Yes,0,Graduate,No,-0.4916416426608438,0.0,-0.8497657548579515,360.0,1.0,Urban
43,Male,Yes,0,Graduate,No,-0.23939258587128887,2336.0,-0.14769795549948497,360.0,1.0,Semiurban
44,Male,Yes,0,Not Graduate,Yes,-0.11596897210144823,0.0,-0.5998772161032431,360.0,1.0,Urban
45,Female,No,0,Graduate,No,-0.3263129292556196,0.0,-0.6950728499145605,360.0,1.0,Urban
46,Male,Yes,1,Graduate,No,0.04019300075853582,0.0,-1.2186488358768068,360.0,1.0,Urban
47,Male,Yes,0,Graduate,No,0.06834798957605914,0.0,-0.02870341323533812,360.0,1.0,Urban
48,Female,Yes,0,Graduate,No,-0.4515371527754181,3440.0,-0.3142903146692906,360.0,0.0,Urban
49,Female,No,0,Graduate,No,-0.22973476993969655,2275.0,-0.02870341323533812,360.0,1.0,Semiurban
50,Female,Yes,0,Not Graduate,No,-0.5689041701135823,1644.0,-0.5522793991975843,360.0,1.0,Semiurban
51,Female,No,0,Graduate,No,-0.37934907098165194,0.0,-0.3142903146692906,360.0,1.0,Semiurban
52,Female,No,0,Graduate,No,-0.19208565698603164,0.0,-0.4094859484806081,360.0,1.0,Semiurban
53,Male,Yes,2,Graduate,No,-0.12890062394205487,0.0,-0.14769795549948497,360.0,1.0,Urban
54,Female,Yes,1,Graduate,Yes,0.9979536959406812,0.0,1.6610190869155474,360.0,0.0,Urban
55,Male,Yes,2,Graduate,No,-0.44122456966202295,1167.0,-0.5879777618768284,360.0,1.0,Semiurban
56,Male,Yes,0,Graduate,No,-0.535511043841636,1591.0,-0.5998772161032431,360.0,1.0,Semiurban
57,Male,Yes,0,Graduate,No,-0.33351536825545114,2200.0,-0.1357985012730703,360.0,1.0,Rural
58,Male,Yes,1,Graduate,No,0.4381277554992289,2250.0,0.3996769389155906,360.0,1.0,Urban
59,Male,Yes,2,Not Graduate,No,-0.3349885944145076,2859.0,-0.02870341323533812,360.0,1.0,Urban
60,Male,Yes,0,Graduate,No,-0.4752724631157721,3796.0,-0.3142903146692906,360.0,1.0,Urban
61,Male,Yes,3+,Graduate,No,-0.3886795033223428,0.0,-0.564178853423999,360.0,1.0,Urban
62,Male,Yes,0,Not Graduate,Yes,-0.45743005741164394,3449.0,0.2211851255193703,180.0,0.0,Rural
63,Male,Yes,1,Graduate,No,-0.07504602323876897,0.0,0.0,360.0,0.0,Rural
64,Female,No,0,Graduate,No,-0.20256193189487753,0.0,-0.3618881315749493,360.0,0.0,Semiurban
65,Male,Yes,0,Graduate,No,0.05279726900824103,4595.0,1.3278343685759362,360.0,1.0,Semiurban
66,Male,No,0,Not Graduate,No,-0.3606882063002702,2254.0,-0.2428935893108025,180.0,0.0,Urban
67,Male,Yes,1,Graduate,No,0.8751848493526434,0.0,1.970404896802329,360.0,1.0,Urban
68,Male,Yes,3+,Not Graduate,Yes,0.2777097959575262,0.0,-0.25479304353721716,60.0,1.0,Urban
69,Female,No,0,Graduate,No,-0.18062723130448147,0.0,-0.12389904704665561,360.0,0.0,Semiurban
70,Male,Yes,0,Graduate,No,-0.35937867193666445,3066.0,0.3044813051042731,360.0,1.0,Urban
71,Male,Yes,2,Not Graduate,Yes,-0.5775798352724703,1875.0,-0.5879777618768284,360.0,1.0,Semiurban
72,Male,No,0,Graduate,No,-0.3115806676650551,0.0,-0.7783690294994634,300.0,1.0,Semiurban
73,Male,Yes,3+,Not Graduate,No,-0.10614746437440521,0.0,-0.6117766703296578,360.0,0.0,Semiurban
74,Male,Yes,3+,Graduate,Yes,-0.022500956899088806,1774.0,0.4829731185004934,360.0,1.0,Semiurban
75,Male,No,0,Graduate,No,-0.2706577188023758,0.0,-0.3975864942541934,480.0,1.0,Urban
76,Male,No,0,Graduate,No,-0.2706577188023758,4750.0,0.35207912200993186,360.0,1.0,Urban
77,Male,Yes,1,Graduate,Yes,-0.7208101562918476,3022.0,-0.43328485693343743,360.0,1.0,Urban
78,Male,Yes,3+,Graduate,No,-0.36609003555014386,4000.0,0.3996769389155906,300.0,0.0,Semiurban
79,Male,Yes,3+,Not Graduate,Yes,-0.33891719750532484,2166.0,-0.19529577240514373,360.0,1.0,Semiurban
80,Female,No,0,Graduate,No,-0.254943306439107,0.0,-0.4213854027070228,360.0,1.0,Semiurban
81,Male,Yes,1,Graduate,Yes,-0.4924601016380974,0.0,0.0,360.0,1.0,Semiurban
82,Female,Yes,2,Graduate,No,-0.6589346576114766,1881.0,0.24498403397219967,360.0,1.0,Urban
83,Male,Yes,0,Graduate,No,0.09764882096173749,2250.0,1.411130548160839,360.0,1.0,Semiurban
84,Male,Yes,1,Graduate,No,-0.23169907148510516,0.0,-1.1472521105183187,240.0,1.0,Urban
85,Male,No,0,Graduate,No,-0.4972071637061682,2531.0,-0.12389904704665561,360.0,1.0,Semiurban
86,Male,Yes,2,Not Graduate,No,-0.33891719750532484,2000.0,-0.564178853423999,360.0,1.0,Semiurban
87,Male,Yes,0,Graduate,No,-0.4752724631157721,2118.0,-0.5046815822919256,360.0,1.0,Semiurban
88,Male,No,0,Graduate,No,0.5176819680882774,0.0,0.7566605657080312,360.0,1.0,Urban
89,Male,Yes,0,Graduate,No,0.0477228233492688,4167.0,0.34017966778351716,360.0,1.0,Semiurban
90,Male,Yes,0,Graduate,No,-0.4003016207993437,2900.0,-0.18339631817872903,360.0,1.0,Semiurban
91,Male,Yes,2,Graduate,No,0.13857176982441674,5654.0,0.4948725727269081,180.0,1.0,Semiurban
92,Male,Yes,2,Not Graduate,No,-0.34873870523236783,1820.0,-0.7783690294994634,360.0,1.0,Urban
93,Male,No,0,Graduate,No,-0.2079637611447512,0.0,-0.29049140621646125,360.0,1.0,Semiurban
94,Male,No,0,Not Graduate,No,-0.291937652210969,0.0,-1.4447384661786857,120.0,1.0,Semiurban
95,Male,No,0,Graduate,No,0.2256558050041982,0.0,0.0,360.0,1.0,Urban
96,Female,Yes,0,Graduate,No,-0.47789153184298355,2302.0,-0.11199959282024093,360.0,1.0,Semiurban
97,Male,Yes,0,Graduate,No,-0.5608832721364971,997.0,-1.1472521105183187,360.0,1.0,Semiurban
98,Male,Yes,0,Not Graduate,No,-0.19896071239496177,0.0,-0.373787585801364,180.0,1.0,Semiurban
99,Male,Yes,0,Graduate,No,-0.5965680835447534,3541.0,-0.18339631817872903,360.0,1.0,Semiurban
100,Male,Yes,2,Not Graduate,No,-0.18259153284989005,3263.0,-0.15959740972589967,180.0,1.0,Urban
101,Male,No,0,Graduate,No,-0.09174258637474211,3806.0,0.054592766349564684,360.0,1.0,Semiurban
102,Male,Yes,0,Graduate,No,1.3498910561597226,0.0,0.0,360.0,1.0,Urban
103,Male,Yes,0,Graduate,No,-0.12300771930582906,3583.0,0.0,360.0,1.0,Semiurban
104,Male,Yes,0,Graduate,No,-0.2598540603026285,754.0,0.16168785438729685,360.0,1.0,Urban
105,Male,Yes,1,Graduate,No,-0.3849145920269763,1030.0,-0.5522793991975843,360.0,1.0,Urban
106,Male,Yes,2,Graduate,No,0.9843672769182716,1126.0,0.9351523791042515,360.0,1.0,Urban
107,Male,No,0,Not Graduate,No,0.3158499842975433,0.0,-0.3142903146692906,360.0,1.0,Rural
108,Male,Yes,2,Graduate,No,-0.26247312902984,3600.0,0.8280572910665193,360.0,0.0,Urban
109,Male,Yes,3+,Not Graduate,No,-0.5454962433641297,754.0,-0.6236761245560725,480.0,1.0,Semiurban
110,Male,No,0,Graduate,No,-0.014316367126552952,0.0,-0.12389904704665561,360.0,1.0,Urban
111,Female,Yes,0,Graduate,No,-0.4050486828674145,2333.0,-0.08820068436741155,360.0,1.0,Semiurban
112,Male,Yes,0,Not Graduate,No,-0.29979485839260345,4114.0,0.06649222057597937,360.0,0.0,Rural
113,Female,No,1,Graduate,Yes,0.3351656161607279,0.0,0.0,360.0,1.0,Semiurban
114,Male,No,0,Graduate,No,-0.05785838471644368,0.0,-0.33808922312212,360.0,1.0,Semiurban
115,Male,Yes,1,Graduate,No,1.5026155013152416,0.0,0.459174210047664,180.0,1.0,Rural
116,Female,Yes,0,Graduate,No,-0.36609003555014386,2283.0,0.09029112902880874,360.0,1.0,Semiurban
117,Male,Yes,1,Graduate,No,-0.5220883166146771,1398.0,-0.7307712125938046,360.0,1.0,Urban
118,Male,Yes,0,Graduate,No,0.02693396532702774,2142.0,0.34017966778351716,360.0,1.0,Rural
119,Female,No,0,Graduate,No,0.8192022553084981,0.0,1.3397338228023508,360.0,1.0,Urban
120,Male,Yes,0,Graduate,No,0.04313945307664872,2667.0,0.3996769389155906,360.0,1.0,Rural
121,Female,No,0,Graduate,No,-0.20256193189487753,0.0,-1.2186488358768068,360.0,1.0,Semiurban
122,Female,No,0,Graduate,No,-0.5346925848643824,8980.0,-0.11199959282024093,360.0,0.0,Semiurban
123,Male,Yes,2,Graduate,No,-0.4004653125947944,0.0,-0.7783690294994634,360.0,1.0,Semiurban
124,Male,Yes,0,Not Graduate,No,-0.18062723130448147,2014.0,0.5662692980853962,360.0,1.0,Rural
125,Female,No,0,Graduate,No,-0.2801518429385174,0.0,-0.6355755787824872,360.0,1.0,Rural
126,Male,Yes,3+,Graduate,No,3.0118538553708527,0.0,2.660573241934381,360.0,1.0,Rural
127,Male,No,0,Graduate,No,-0.25183316232554337,1640.0,0.0,360.0,1.0,Rural
128,Male,Yes,1,Graduate,Yes,0.8363898938308234,3850.0,0.16168785438729685,180.0,0.0,Urban
129,Male,Yes,0,Graduate,No,0.11074416459779486,2569.0,0.42347584736842,360.0,1.0,Rural
130,Male,No,0,Graduate,Yes,2.416506795316595,0.0,5.992420425330493,480.0,1.0,Urban
131,Male,No,0,Graduate,No,-0.5548266757048206,1929.0,-0.8616652090843662,360.0,1.0,Urban
132,Male,No,0,Graduate,No,-0.4395876517075158,0.0,-0.909263025990025,360.0,1.0,Semiurban
133,Male,Yes,0,Graduate,Yes,-0.31829203127853445,0.0,-1.4447384661786857,120.0,1.0,Semiurban
134,Male,No,0,Graduate,No,-0.08323061301130483,0.0,-0.5284804907447549,360.0,1.0,Semiurban
135,Male,Yes,3+,Graduate,No,-0.22973476993969655,7750.0,1.708616903821206,360.0,1.0,Semiurban
136,Female,Yes,0,Graduate,No,-0.13430245319192854,0.0,-0.7426706668202193,360.0,1.0,Rural
137,Male,Yes,2,Graduate,Yes,-0.341699958027987,3500.0,-0.6950728499145605,360.0,1.0,Urban
138,Male,No,0,Graduate,No,1.5707112882227399,0.0,1.1374431009533013,360.0,0.0,Semiurban
139,Male,Yes,2,Not Graduate,No,-0.19699641084955316,1430.0,-0.20719522663155843,360.0,1.0,Rural
140,Male,Yes,2,Graduate,No,-0.05916791908004942,2083.0,0.459174210047664,360.0,1.0,Rural
141,Male,No,0,Graduate,No,0.002216504213969467,0.0,0.25688348819861434,360.0,1.0,Urban
142,Male,No,0,Graduate,Yes,0.25315602663991865,0.0,0.34017966778351716,180.0,1.0,Semiurban
143,Male,Yes,0,Graduate,No,-0.44286148761653016,2034.0,-0.29049140621646125,360.0,1.0,Semiurban
144,Male,Yes,2,Graduate,No,1.0400224873715154,0.0,0.4829731185004934,180.0,1.0,Urban
145,Female,Yes,0,Graduate,No,-0.503100068342394,4486.0,-0.5522793991975843,360.0,1.0,Semiurban
146,Female,Yes,2,Graduate,No,1.5489402794277944,0.0,-0.909263025990025,360.0,1.0,Urban
147,Male,Yes,1,Graduate,No,-0.6327439703393619,1425.0,-1.3852411950466124,360.0,1.0,Urban
148,Female,No,0,Graduate,No,0.7524160027646056,1666.0,0.9351523791042515,360.0,1.0,Rural
149,Male,Yes,0,Graduate,No,-0.08895982585207991,830.0,-0.25479304353721716,360.0,1.0,Semiurban
150,Male,No,0,Graduate,No,0.1429914483015861,0.0,-0.33808922312212,360.0,0.0,Rural
151,Male,Yes,0,Graduate,Yes,-0.4626681948660669,3750.0,0.06649222057597937,360.0,1.0,Rural
152,Male,No,0,Graduate,No,0.6158970453587076,0.0,1.1612420094061304,360.0,1.0,Urban
153,Male,Yes,2,Not Graduate,No,-0.5111209663194791,0.0,-0.3975864942541934,360.0,1.0,Rural
154,Male,No,0,Graduate,No,-0.35184884934593147,0.0,-1.1472521105183187,360.0,1.0,Urban
155,Male,Yes,3+,Graduate,No,5.663006174490666,0.0,5.3974477140097585,180.0,0.0,Semiurban
156,Male,Yes,1,Graduate,No,0.09764882096173749,0.0,0.16168785438729685,360.0,1.0,Rural
157,Male,Yes,1,Graduate,No,0.6767903932663744,0.0,0.4829731185004934,360.0,1.0,Urban
158,Male,No,0,Graduate,No,-0.3967004012994279,2083.0,-0.3142903146692906,360.0,1.0,Rural
159,Male,Yes,0,Graduate,No,-0.13430245319192854,5625.0,1.292136005896692,360.0,1.0,Semiurban
160,Male,Yes,0,Not Graduate,No,-0.5795441368178789,1041.0,-0.5760783076504137,360.0,1.0,Semiurban
161,Male,Yes,0,Graduate,No,0.4140650615679735,0.0,1.530125090424986,360.0,1.0,Urban
162,Male,Yes,1,Graduate,No,-0.37885799559529976,1280.0,-0.3023908604428759,360.0,0.0,Semiurban
163,Male,Yes,2,Graduate,No,-0.2023982400994268,1447.0,0.1378889459344675,360.0,1.0,Rural
164,Male,Yes,0,Graduate,No,0.6415966572444701,0.0,-0.8497657548579515,180.0,1.0,Urban
165,Male,Yes,0,Graduate,No,-0.2776964660067566,3166.0,0.42347584736842,360.0,1.0,Rural
166,Female,Yes,0,Graduate,No,-0.13430245319192854,0.0,-0.4094859484806081,360.0,1.0,Rural
167,Male,Yes,0,Graduate,No,-0.48525766263826586,3333.0,-0.20719522663155843,360.0,1.0,Rural
168,Male,No,0,Graduate,No,-0.5183234053193106,0.0,-0.9925592055749277,480.0,0.0,Semiurban
169,Male,Yes,2,Graduate,No,0.42503241186317153,0.0,0.6376660234438843,360.0,1.0,Semiurban
170,Male,Yes,0,Not Graduate,No,-0.5865828840222597,1769.0,-0.6117766703296578,360.0,1.0,Rural
171,Male,Yes,3+,Graduate,No,7.588676456172901,0.0,6.587393136651227,300.0,1.0,Urban
172,Male,Yes,3+,Not Graduate,No,-0.3079794481651393,0.0,-0.7783690294994634,180.0,1.0,Rural
173,Male,Yes,0,Graduate,No,0.04985081669012812,5625.0,0.4829731185004934,360.0,1.0,Semiurban
174,Male,Yes,0,Not Graduate,Yes,-0.1734247923046499,736.0,-0.7069723041409752,360.0,1.0,Semiurban
175,Male,Yes,0,Graduate,No,-0.3120717430514072,1964.0,-0.3618881315749493,360.0,1.0,Rural
176,Male,Yes,2,Graduate,No,-0.5497522300458484,1619.0,-0.5403799449711696,360.0,1.0,Rural
177,Male,Yes,3+,Graduate,No,0.018421991963590453,11300.0,4.148005020236217,360.0,0.0,Semiurban
178,Male,Yes,1,Graduate,No,-0.2706577188023758,0.0,-0.3618881315749493,360.0,1.0,Semiurban
179,Male,No,0,Not Graduate,No,-0.5026089929560419,1451.0,-0.5284804907447549,480.0,0.0,Urban
180,Male,Yes,1,Graduate,No,0.1631255391420243,7250.0,0.3996769389155906,360.0,0.0,Urban
181,Male,No,0,Graduate,No,-0.5708684716589908,5063.0,-0.9449613886692689,360.0,1.0,Rural
182,Male,Yes,0,Graduate,No,-0.13151969266926636,0.0,-0.8735646633107809,180.0,1.0,Semiurban
183,Male,Yes,1,Graduate,No,4.655810557082404,0.0,1.3516332770287656,360.0,1.0,Semiurban
184,Female,Yes,0,Graduate,No,-0.29111919323371543,0.0,-0.4570837653862668,360.0,1.0,Semiurban
185,Male,Yes,0,Graduate,Yes,5.523540764766655,4750.0,-0.3142903146692906,360.0,1.0,Semiurban
186,Male,Yes,1,Graduate,Yes,-0.527981221250903,0.0,-0.9568608428956836,300.0,0.0,Rural
187,Male,Yes,0,Graduate,No,-0.494424403183506,2138.0,-1.052056476707001,360.0,1.0,Rural
188,Male,Yes,0,Graduate,Yes,-0.7741736816087814,5296.0,0.25688348819861434,360.0,1.0,Rural
189,Male,Yes,0,Graduate,No,0.6424151162217238,0.0,0.4948725727269081,180.0,1.0,Rural
190,Male,No,0,Not Graduate,No,-0.084867530965812,0.0,-1.171051018971148,360.0,1.0,Rural
191,Male,No,0,Graduate,No,1.0797995936660396,0.0,0.2092856712929556,360.0,1.0,Semiurban
192,Male,Yes,0,Not Graduate,No,0.10305065021161115,0.0,0.16168785438729685,360.0,1.0,Urban
193,Male,No,0,Graduate,No,-0.2529790048936984,0.0,-0.8378663006315368,360.0,1.0,Semiurban
194,Male,No,0,Graduate,No,-0.19846963700860962,0.0,-0.3142903146692906,360.0,1.0,Rural
195,Male,Yes,1,Graduate,No,-0.372965090959074,2583.0,0.28068239665144373,360.0,1.0,Semiurban
196,Male,No,0,Graduate,No,0.47954177974826034,3750.0,0.4829731185004934,360.0,1.0,Rural
197,Female,No,0,Not Graduate,No,-0.5723416978180473,2365.0,-0.3142903146692906,360.0,1.0,Urban
198,Female,Yes,0,Graduate,No,-0.3253307784829153,2816.0,-0.3975864942541934,360.0,1.0,Semiurban
199,Male,No,0,Graduate,Yes,0.9161077982153226,0.0,-0.754570121046634,360.0,1.0,Urban
200,Male,Yes,1,Not Graduate,No,-0.4589032835707004,2500.0,-0.6712739414617311,360.0,1.0,Semiurban
201,Male,No,2,Graduate,No,-0.07864724273868474,0.0,0.23308457974578498,360.0,0.0,Semiurban
202,Male,Yes,3+,Not Graduate,No,-0.2310443043033023,0.0,0.0,180.0,1.0,Urban
203,Male,Yes,1,Not Graduate,No,-0.3115806676650551,1083.0,-0.1357985012730703,360.0,1.0,Urban
204,Male,Yes,2,Not Graduate,No,-0.24332118896210608,0.0,-0.26669249776363185,360.0,1.0,Semiurban
205,Female,No,0,Not Graduate,No,-0.16294851739580402,0.0,-0.3142903146692906,360.0,1.0,Semiurban
206,Female,No,0,Graduate,No,-0.3534857673004386,0.0,-0.7902684837258781,360.0,1.0,Urban
207,Male,No,0,Not Graduate,No,-0.2338270648259645,2531.0,-1.0877548393862453,360.0,1.0,Rural
208,Male,No,0,Graduate,No,-0.4787099908202372,0.0,-1.0401570224805865,360.0,1.0,Urban
209,Male,No,0,Graduate,No,-0.32500339489201385,0.0,-0.2309941350843878,360.0,1.0,Semiurban
210,Female,No,0,Graduate,No,0.7524160027646056,0.0,0.80425838261369,360.0,1.0,Semiurban
211,Male,Yes,3+,Graduate,No,-0.32303909334660524,1250.0,-0.2190946808579731,360.0,0.0,Semiurban
212,Male,Yes,1,Graduate,Yes,0.3901660594321688,0.0,1.1136441925004719,360.0,1.0,Urban
213,Male,Yes,3+,Not Graduate,Yes,0.049032357712874536,0.0,-0.19529577240514373,360.0,1.0,Rural
214,Male,Yes,0,Graduate,No,-0.36510788477743955,3021.0,-0.11199959282024093,360.0,1.0,Urban
215,Male,Yes,3+,Not Graduate,No,-0.2542885392573041,983.0,-0.5522793991975843,360.0,1.0,Semiurban
216,Male,Yes,0,Graduate,No,-0.8599481824249571,1800.0,-0.1357985012730703,360.0,1.0,Rural
217,Male,Yes,0,Graduate,No,-0.2744226300977423,1775.0,-0.18339631817872903,360.0,1.0,Semiurban
218,Male,Yes,2,Graduate,No,-0.06604297448897953,0.0,-0.8854641175371956,360.0,0.0,Semiurban
219,Female,Yes,2,Graduate,No,-0.18340999182714365,2383.0,-0.2309941350843878,360.0,1.0,Semiurban
220,Male,Yes,0,Graduate,No,-0.5209424740465222,0.0,-1.0282575682541717,360.0,0.0,Urban
221,Male,Yes,2,Graduate,No,-0.22826154378064012,1717.0,-0.3618881315749493,360.0,1.0,Semiurban
222,Male,No,0,Graduate,No,-0.3981736274584844,2791.0,-0.02870341323533812,360.0,1.0,Semiurban
223,Male,Yes,0,Graduate,No,0.35595447418296894,1010.0,0.34017966778351716,360.0,1.0,Semiurban
224,Male,Yes,0,Graduate,No,0.13857176982441674,0.0,-0.2190946808579731,360.0,1.0,Semiurban
225,Male,Yes,0,Graduate,No,-0.3525036165277343,0.0,0.28068239665144373,360.0,1.0,Rural
226,Male,Yes,0,Not Graduate,Yes,-0.10942130028341955,0.0,-0.10010013859382624,360.0,1.0,Urban
227,Male,Yes,2,Graduate,No,0.13857176982441674,1695.0,0.7566605657080312,360.0,1.0,Semiurban
228,Male,Yes,0,Graduate,No,-0.10565638898805306,0.0,0.1378889459344675,480.0,1.0,Semiurban
229,Male,No,0,Graduate,Yes,0.1631255391420243,0.0,0.6376660234438843,360.0,1.0,Rural
230,Male,Yes,1,Graduate,No,-0.4767456892748286,2054.0,-0.5046815822919256,360.0,1.0,Semiurban
231,Male,Yes,0,Graduate,No,-0.2762232398477002,0.0,-1.2424477443296362,180.0,1.0,Rural
232,Male,No,0,Not Graduate,No,-0.3624888160502281,2598.0,-0.3142903146692906,360.0,1.0,Rural
233,Female,No,0,Graduate,No,0.47954177974826034,0.0,1.5896223615570593,360.0,1.0,Semiurban
234,Male,Yes,1,Graduate,No,-0.36805433709555246,1779.0,-0.07630123014099686,360.0,1.0,Semiurban
235,Male,Yes,1,Graduate,No,0.01580292323637898,1260.0,0.28068239665144373,360.0,1.0,Rural
236,Male,Yes,0,Graduate,No,0.05607110491725537,0.0,1.292136005896692,360.0,1.0,Urban
237,Female,No,0,Graduate,Yes,-0.3176372640967316,0.0,-0.29049140621646125,360.0,1.0,Urban
238,Female,No,1,Graduate,No,-0.2605088274844314,0.0,-0.4094859484806081,360.0,1.0,Rural
239,Male,Yes,1,Graduate,No,-0.3418636498234377,0.0,-0.5998772161032431,360.0,1.0,Semiurban
240,Male,Yes,2,Graduate,No,0.06802060598515772,5000.0,-0.3142903146692906,360.0,1.0,Rural
241,Male,Yes,1,Not Graduate,No,-0.47363554516126494,1983.0,-0.07630123014099686,180.0,1.0,Urban
242,Male,No,0,Graduate,No,-0.3991557782311887,5701.0,0.10219058325522343,60.0,1.0,Urban
243,Male,Yes,2,Graduate,Yes,0.13857176982441674,1300.0,-0.4570837653862668,360.0,1.0,Rural
244,Male,Yes,0,Not Graduate,No,-0.32696769643742246,4417.0,-0.27859195199004655,360.0,1.0,Semiurban
245,Male,No,0,Graduate,Yes,0.10583341073427334,4333.0,-0.3142903146692906,180.0,1.0,Urban
246,Male,Yes,2,Graduate,No,0.7037995395157427,0.0,-0.4094859484806081,360.0,1.0,Urban
247,Male,Yes,1,Not Graduate,No,0.19717343259577344,0.0,-0.11199959282024093,180.0,1.0,Urban
248,Male,Yes,1,Graduate,No,-0.4127421972535982,1843.0,-0.27859195199004655,480.0,1.0,Semiurban
249,Male,Yes,0,Graduate,No,-0.5883834937722175,1868.0,-0.6712739414617311,360.0,1.0,Urban
250,Male,Yes,0,Not Graduate,No,-0.6114640369307687,3890.0,0.649565477670299,360.0,0.0,Semiurban
251,Female,No,2,Graduate,No,-0.3235301687329574,0.0,-0.10010013859382624,360.0,1.0,Urban
252,Male,No,0,Not Graduate,Yes,-0.4616860440933626,2167.0,-0.5046815822919256,360.0,1.0,Rural
253,Male,Yes,1,Not Graduate,No,-0.44891808404820666,7101.0,1.5777229073306445,180.0,1.0,Semiurban
254,Male,No,0,Graduate,Yes,1.7754897243315868,0.0,0.5424703896325668,360.0,0.0,Urban
255,Female,No,3+,Graduate,No,-0.37984014636800406,0.0,1.292136005896692,360.0,1.0,Rural
256,Male,No,0,Not Graduate,No,0.10501495175701976,0.0,-0.373787585801364,360.0,0.0,Rural
257,Male,Yes,3+,Graduate,No,-0.025120025626300276,0.0,-0.6236761245560725,360.0,1.0,Urban
258,Male,Yes,0,Graduate,No,1.5189846808603134,2100.0,1.8752092629910118,360.0,1.0,Rural
259,Male,Yes,3+,Not Graduate,No,-0.07733770837507901,0.0,-0.2190946808579731,360.0,1.0,Semiurban
260,Male,Yes,1,Graduate,No,0.11123523998414701,4250.0,2.1845950728777934,360.0,1.0,Urban
261,Male,No,0,Graduate,No,-0.5472968531140876,2209.0,-0.14769795549948497,360.0,1.0,Semiurban
262,Female,No,1,Graduate,No,-0.3146908117786187,0.0,0.10219058325522343,36.0,1.0,Semiurban
263,Female,No,0,Graduate,No,0.29407897550259793,0.0,-0.3142903146692906,360.0,1.0,Rural
264,Male,No,0,Graduate,Yes,-0.03887013644416051,0.0,-0.2190946808579731,360.0,1.0,Semiurban
265,Male,No,0,Graduate,No,-0.21418404937187843,3447.0,0.054592766349564684,360.0,1.0,Rural
266,Male,Yes,2,Graduate,No,-0.1138409787605889,1387.0,0.04269331212315,360.0,1.0,Semiurban
267,Male,Yes,3+,Graduate,No,-0.1752254020546078,1811.0,0.16168785438729685,360.0,0.0,Urban
268,Female,No,0,Graduate,No,-0.32500339489201385,0.0,-0.1357985012730703,360.0,1.0,Rural
269,Female,No,1,Graduate,No,-0.4137243480263025,1560.0,-0.6712739414617311,360.0,1.0,Urban
270,Female,No,0,Graduate,No,-0.35463160986859366,0.0,-1.3852411950466124,360.0,1.0,Urban
271,Male,Yes,0,Graduate,No,0.9400068003511273,0.0,-0.12389904704665561,360.0,1.0,Urban
272,Male,No,0,Graduate,No,-0.42076309523068334,1857.0,-0.2428935893108025,360.0,1.0,Rural
273,Male,Yes,0,Graduate,No,-0.45562944766168606,2223.0,0.04269331212315,360.0,1.0,Semiurban
274,Male,Yes,2,Graduate,No,-0.24610394948476827,0.0,-0.6712739414617311,360.0,1.0,Semiurban
275,Male,Yes,1,Graduate,No,-0.43434951425309287,1842.0,-0.373787585801364,360.0,1.0,Semiurban
276,Male,Yes,0,Graduate,No,-0.23088061250785158,3274.0,0.7209622030287871,360.0,1.0,Semiurban
277,Male,Yes,0,Graduate,No,-0.37656631045898975,1300.0,-0.7902684837258781,360.0,1.0,Urban
278,Male,Yes,0,Graduate,No,1.5026155013152416,0.0,3.44593722087775,360.0,1.0,Semiurban
279,Female,Yes,0,Not Graduate,No,-0.21336559039462485,0.0,-0.26669249776363185,360.0,1.0,Rural
280,Male,No,1,Not Graduate,Yes,-0.22105910478080856,2426.0,0.1378889459344675,360.0,0.0,Urban
281,Male,Yes,0,Graduate,No,-0.2416842710075989,800.0,-0.4094859484806081,360.0,1.0,Semiurban
282,Male,Yes,2,Graduate,No,-0.5078471304104648,985.7999878,-0.8140673921787074,180.0,1.0,Urban
283,Female,No,0,Graduate,No,-0.5880561101813161,1666.0,-1.0996542936126599,360.0,1.0,Urban
284,Male,Yes,0,Graduate,No,2.498516384837404,0.0,0.0,360.0,1.0,Rural
285,Male,No,0,Graduate,No,-0.3675632617092003,3053.0,-0.6831733956881458,360.0,1.0,Rural
286,Female,No,0,Graduate,Yes,-0.4589032835707004,1717.0,-0.564178853423999,300.0,1.0,Semiurban
287,Male,Yes,0,Graduate,No,-0.2781875413931088,2000.0,-0.3142903146692906,360.0,1.0,Rural
288,Female,No,0,Graduate,No,-0.20943698730380764,0.0,-0.373787585801364,360.0,1.0,Semiurban
289,Male,No,0,Graduate,No,0.6718796394028528,0.0,0.4829731185004934,360.0,1.0,Rural
290,Male,Yes,0,Graduate,No,-0.3811496807316098,2416.0,-0.08820068436741155,360.0,1.0,Rural
291,Male,Yes,2,Graduate,No,-0.16425805175940975,0.0,-0.2309941350843878,360.0,0.0,Semiurban
292,Male,Yes,2,Graduate,No,-0.36838172068645386,1560.0,-0.14769795549948497,360.0,1.0,Urban
293,Female,No,0,Graduate,No,0.002216504213969467,0.0,-0.040602867461752803,480.0,0.0,Urban
294,Male,Yes,0,Graduate,No,-0.494424403183506,3334.0,0.3044813051042731,360.0,1.0,Semiurban
295,Male,Yes,3+,Graduate,No,-0.16163898303219829,1250.0,-0.43328485693343743,360.0,1.0,Urban
296,Male,Yes,1,Graduate,No,0.2408791419811149,0.0,0.6376660234438843,360.0,1.0,Semiurban
297,Female,Yes,1,Graduate,No,-0.12071603416951902,0.0,-0.1357985012730703,360.0,1.0,Urban
298,Female,No,0,Graduate,No,-0.06604297448897953,2541.0,0.054592766349564684,480.0,1.0,Rural
299,Male,Yes,1,Graduate,No,-0.5548266757048206,2925.0,-0.3975864942541934,360.0,1.0,Urban
300,Male,Yes,0,Not Graduate,No,-0.589856719931274,2934.0,-0.6355755787824872,360.0,0.0,Urban
301,Male,Yes,0,Not Graduate,No,-0.4138880398217532,1750.0,-0.4927821280655109,360.0,1.0,Semiurban
302,Female,No,0,Graduate,No,-0.06604297448897953,0.0,-0.17149686395231437,360.0,1.0,Rural
303,Male,Yes,1,Graduate,No,-0.6185027841351495,1803.0,-0.5998772161032431,360.0,1.0,Urban
304,Male,No,0,Graduate,No,-0.22973476993969655,2500.0,-0.07630123014099686,360.0,1.0,Rural
305,Male,No,0,Not Graduate,No,-0.5571183608411306,0.0,0.0,360.0,1.0,Urban
306,Female,No,0,Graduate,No,-0.2686934172569672,1666.0,-0.1357985012730703,360.0,1.0,Rural
307,Female,No,0,Graduate,No,-0.4916416426608438,1863.0,-0.5046815822919256,360.0,0.0,Urban
308,Male,No,0,Graduate,No,2.427474145611793,0.0,3.9695132068399963,360.0,1.0,Rural
309,Male,Yes,2,Not Graduate,No,0.3705230439780828,0.0,0.459174210047664,360.0,1.0,Rural
310,Female,No,0,Graduate,No,-0.4070129844128231,0.0,-0.7426706668202193,360.0,1.0,Semiurban
311,Male,No,0,Not Graduate,No,-0.4053760664583159,2405.0,-0.4213854027070228,360.0,1.0,Semiurban
312,Female,No,0,Graduate,No,-0.47412662054761706,0.0,-1.0758553851598305,360.0,1.0,Rural
313,Male,Yes,2,Graduate,Yes,0.05607110491725537,0.0,-0.02870341323533812,84.0,1.0,Rural
314,Male,Yes,0,Graduate,No,-0.4796921415929415,1843.0,0.14978840016088218,360.0,1.0,Rural
315,Male,Yes,1,Not Graduate,No,-0.3281135390055775,1640.0,-0.4213854027070228,180.0,1.0,Urban
316,Male,Yes,2,Graduate,No,-0.27605954805224947,0.0,-0.3142903146692906,360.0,1.0,Semiurban
317,Male,Yes,0,Graduate,No,-0.547624236704989,2134.0,-0.6950728499145605,360.0,1.0,Urban
318,Female,No,1,Graduate,No,-0.3048693040515757,0.0,-0.4094859484806081,360.0,1.0,Semiurban
319,Male,Yes,1,Graduate,Yes,0.7524160027646056,0.0,0.10219058325522343,360.0,1.0,Rural
320,Male,Yes,0,Graduate,No,-0.4916416426608438,2167.0,-0.373787585801364,360.0,1.0,Semiurban
321,Male,Yes,3+,Graduate,No,-0.17375217589555134,189.0,-0.26669249776363185,360.0,1.0,Semiurban
322,Male,Yes,2,Not Graduate,No,-0.29504779632453265,1590.0,0.0,360.0,1.0,Rural
323,Female,No,0,Graduate,No,-0.3662537273455946,2985.0,-0.17149686395231437,360.0,1.0,Rural
324,Male,Yes,3+,Graduate,No,1.5708749800181907,0.0,1.827611446085353,360.0,1.0,Rural
325,Male,Yes,1,Graduate,Yes,0.534051147633349,4983.0,2.7319699672928692,360.0,0.0,Rural
326,Male,No,0,Graduate,No,-0.07962939351138905,0.0,-0.19529577240514373,360.0,0.0,Rural
327,Male,Yes,0,Graduate,Yes,0.06785691418970699,2160.0,0.4472747558212493,360.0,1.0,Semiurban
328,Female,Yes,0,Graduate,No,-0.1752254020546078,2451.0,-0.43328485693343743,360.0,1.0,Urban
329,Female,No,0,Graduate,No,-0.4752724631157721,0.0,-0.9449613886692689,360.0,1.0,Urban
330,Male,No,1,Graduate,No,-0.16687712048662123,1793.0,-0.34998867734853467,360.0,1.0,Urban
331,Male,No,0,Graduate,No,-0.4040665320947102,0.0,-0.5760783076504137,360.0,1.0,Semiurban
332,Male,No,0,Graduate,No,-0.42076309523068334,0.0,-0.8973635717636103,360.0,1.0,Urban
333,Male,Yes,0,Graduate,No,9.483245296719499,0.0,4.088507749104143,180.0,1.0,Urban
334,Male,Yes,1,Graduate,Yes,0.7250794729243358,1833.0,0.42347584736842,180.0,1.0,Urban
335,Male,Yes,0,Graduate,Yes,0.01629399862273113,4490.0,-0.909263025990025,360.0,1.0,Semiurban
336,Male,Yes,1,Graduate,No,-0.025120025626300276,688.0,0.16168785438729685,360.0,1.0,Rural
337,Male,Yes,2,Graduate,Yes,-0.4752724631157721,4600.0,0.35207912200993186,360.0,1.0,Rural
338,Female,No,3+,Not Graduate,No,-0.5849459660677525,0.0,0.0,360.0,0.0,Urban
339,Female,No,0,Graduate,No,-0.20354408266758184,0.0,-0.8973635717636103,360.0,1.0,Semiurban
340,Male,Yes,3+,Not Graduate,No,-0.4512097691845167,1587.0,0.31638075933068777,360.0,1.0,Rural
341,Female,No,0,Graduate,No,-0.4952428621607596,0.0,-1.1948499274239774,360.0,1.0,Rural
342,Male,Yes,1,Not Graduate,No,-0.13904951525999934,1229.0,0.1378889459344675,360.0,1.0,Urban
343,Male,Yes,3+,Not Graduate,No,-0.36510788477743955,0.0,-0.8616652090843662,360.0,1.0,Semiurban
344,Male,Yes,2,Graduate,No,-0.4616860440933626,2330.0,-0.25479304353721716,360.0,1.0,Rural
345,Male,Yes,0,Graduate,No,-0.4754361549112228,2458.0,0.16168785438729685,360.0,1.0,Semiurban
346,Male,Yes,0,Not Graduate,No,-0.3078157563696886,3230.0,0.06649222057597937,360.0,0.0,Rural
347,Male,Yes,2,Not Graduate,No,-0.37984014636800406,2168.0,-0.2428935893108025,360.0,1.0,Urban
348,Male,Yes,0,Graduate,No,0.15215818884682628,4583.0,1.3397338228023508,360.0,1.0,Semiurban
349,Male,Yes,0,Graduate,No,-0.4548109886844325,6250.0,0.4829731185004934,360.0,1.0,Rural
350,Male,Yes,0,Graduate,No,0.6023106263362981,0.0,0.9708507417834955,360.0,1.0,Semiurban
351,Male,No,0,Graduate,No,0.5478012584512093,4167.0,1.9228070798966705,360.0,1.0,Rural
352,Male,Yes,3+,Graduate,No,-0.4480996250709531,2083.0,-0.6117766703296578,360.0,1.0,Rural
353,Female,Yes,0,Graduate,Yes,0.01580292323637898,0.0,-0.4927821280655109,360.0,0.0,Rural
354,Female,Yes,0,Graduate,No,-0.4878767313654773,505.0,-0.19529577240514373,360.0,1.0,Semiurban
355,Female,No,0,Graduate,No,-0.26034513568898066,0.0,-0.3618881315749493,180.0,1.0,Urban
356,Male,Yes,2,Graduate,No,0.47954177974826034,3167.0,0.2211851255193703,360.0,1.0,Rural
357,Male,Yes,1,Graduate,No,-0.2501962443710362,0.0,-0.9449613886692689,360.0,1.0,Urban
358,Male,Yes,0,Not Graduate,No,-0.3934265653904136,1666.0,-0.5522793991975843,480.0,0.0,Urban
359,Male,Yes,3+,Graduate,No,-0.03870644464870979,3167.0,0.6376660234438843,360.0,1.0,Semiurban
360,Female,No,1,Graduate,No,-0.11138560182882815,0.0,-0.7783690294994634,360.0,1.0,Semiurban
361,Male,Yes,2,Graduate,No,-0.06604297448897953,3667.0,1.066046375594813,360.0,1.0,Semiurban
362,Male,Yes,0,Graduate,No,-0.10696592335165879,2333.0,-0.19529577240514373,360.0,1.0,Urban
363,Male,Yes,0,Graduate,No,-0.39129857204955426,3033.0,-0.6117766703296578,300.0,1.0,Urban
364,Male,No,0,Graduate,Yes,0.2322034768222269,0.0,-0.06440177591458218,360.0,1.0,Rural
365,Male,No,0,Not Graduate,No,0.13300624877909237,0.0,-0.15959740972589967,360.0,1.0,Rural
366,Male,No,0,Graduate,No,-0.4752724631157721,0.0,-0.5998772161032431,480.0,1.0,Semiurban
367,Male,No,0,Graduate,No,-0.04574519185309062,0.0,-0.26669249776363185,360.0,0.0,Rural
368,Male,Yes,1,Graduate,No,0.15084865448322052,0.0,0.34017966778351716,360.0,1.0,Semiurban
369,Male,Yes,0,Graduate,No,2.345137172500082,5266.0,5.040464087217318,360.0,1.0,Rural
370,Female,No,0,Graduate,Yes,1.6951170527652848,0.0,-1.0877548393862453,360.0,1.0,Semiurban
371,Male,Yes,2,Graduate,No,-0.03575999233059688,0.0,0.10219058325522343,360.0,1.0,Semiurban
372,Male,Yes,2,Graduate,Yes,0.6415966572444701,7873.0,2.779567784198528,300.0,1.0,Rural
373,Male,No,1,Graduate,No,-0.38327767407246915,1987.0,-0.4213854027070228,180.0,0.0,Urban
374,Female,No,0,Graduate,No,-0.4320578291167828,1459.0,-0.43328485693343743,360.0,1.0,Urban
375,Male,Yes,0,Graduate,No,-0.09599857305646076,923.0,-0.3142903146692906,180.0,1.0,Urban
376,Male,Yes,3+,Graduate,No,0.5478012584512093,4996.0,-0.19529577240514373,360.0,1.0,Rural
377,Male,Yes,0,Graduate,No,-0.17899031334997428,0.0,-0.19529577240514373,360.0,1.0,Semiurban
378,Male,No,0,Graduate,No,-0.3821318315043141,0.0,-0.8973635717636103,480.0,1.0,Urban
379,Male,Yes,2,Graduate,No,-0.0020394824677491758,0.0,-0.19529577240514373,360.0,1.0,Urban
380,Male,Yes,0,Graduate,No,-0.33891719750532484,2500.0,-0.2190946808579731,360.0,1.0,Semiurban
381,Male,No,0,Graduate,No,0.08799100503014519,4232.0,1.7800136291796942,360.0,1.0,Semiurban
382,Female,No,0,Graduate,No,0.09764882096173749,0.0,0.11409003748163812,360.0,1.0,Urban
383,Male,No,0,Graduate,Yes,0.2886771462527243,0.0,-0.2190946808579731,360.0,1.0,Urban
384,Male,Yes,2,Graduate,No,-0.13708521371459073,0.0,-0.5522793991975843,360.0,1.0,Urban
385,Male,No,1,Graduate,No,-0.28424413782478536,0.0,-0.3975864942541934,180.0,1.0,Urban
386,Male,No,0,Not Graduate,No,-0.5004809996151826,1600.0,-0.17149686395231437,360.0,1.0,Semiurban
387,Male,Yes,0,Not Graduate,No,-0.39178964743590644,3136.0,0.0,360.0,0.0,Urban
388,Male,Yes,0,Graduate,No,-0.5026089929560419,2417.0,-0.12389904704665561,360.0,1.0,Urban
389,Male,Yes,0,Graduate,No,0.013838621690970375,0.0,-0.25479304353721716,360.0,1.0,Rural
390,Male,No,3+,Graduate,No,0.6160607371541583,0.0,0.459174210047664,360.0,1.0,Rural
391,Male,Yes,3+,Graduate,No,0.67122487222105,0.0,1.530125090424986,360.0,1.0,Rural
392,Male,Yes,0,Graduate,No,-0.4616860440933626,2115.0,-0.3142903146692906,360.0,1.0,Urban
393,Male,Yes,2,Not Graduate,No,-0.5582642034092856,1625.0,-0.3975864942541934,180.0,1.0,Semiurban
394,Male,Yes,2,Graduate,No,-0.3770573858453419,1400.0,-0.3975864942541934,360.0,1.0,Urban
395,Male,Yes,2,Graduate,No,-0.3482476298460157,484.0,-0.1357985012730703,360.0,1.0,Semiurban
396,Female,No,0,Graduate,No,-0.3639620422092845,0.0,-0.8973635717636103,360.0,0.0,Urban
397,Male,Yes,0,Graduate,No,-0.38802473614053995,1459.0,-0.6117766703296578,360.0,1.0,Urban
398,Male,No,0,Not Graduate,No,-0.24577656589386684,1666.0,-0.44518431115985213,360.0,1.0,Rural
399,Female,No,0,Graduate,No,-0.6389642585664891,1800.0,-0.5165810365183403,360.0,0.0,Semiurban
400,Male,Yes,2,Not Graduate,No,-0.4115963546854432,0.0,-1.206749381650392,180.0,0.0,Urban
401,Male,No,0,Not Graduate,No,-0.43353105527583924,0.0,-0.9687602971220983,300.0,1.0,Rural
402,Male,No,0,Graduate,No,-0.4752724631157721,20000.0,-0.5165810365183403,360.0,1.0,Semiurban
403,Female,No,0,Not Graduate,No,-0.5631749572728072,0.0,-1.1115537478390747,360.0,1.0,Semiurban
404,Female,No,0,Graduate,Yes,0.3335286982062207,0.0,0.5662692980853962,360.0,1.0,Rural
405,Female,No,0,Graduate,No,-0.14019535782815434,0.0,-0.373787585801364,360.0,1.0,Semiurban
406,Male,Yes,0,Not Graduate,No,-0.5297818310008608,2400.0,-0.373787585801364,360.0,1.0,Urban
407,Female,No,0,Not Graduate,No,-0.5222520084101279,0.0,-0.9568608428956836,360.0,1.0,Rural
408,Male,Yes,1,Graduate,No,0.47413995049838664,0.0,0.06649222057597937,300.0,0.0,Semiurban
409,Male,Yes,3+,Graduate,No,12.374533479765514,0.0,2.541578699670234,360.0,0.0,Rural
410,Female,No,1,Not Graduate,Yes,-0.2515057787346419,0.0,-1.0044586598013423,360.0,1.0,Semiurban
411,Male,Yes,0,Graduate,No,0.13955392059712105,0.0,0.16168785438729685,360.0,1.0,Urban
412,Male,Yes,0,Not Graduate,No,0.11336323332500634,0.0,0.8518561995193487,360.0,0.0,Rural
413,Male,Yes,0,Not Graduate,No,-0.5157043365920992,2033.0,-0.43328485693343743,360.0,1.0,Rural
414,Female,Yes,0,Not Graduate,No,-0.5327282833189738,3237.0,0.3758780304627612,360.0,0.0,Semiurban
415,Female,No,0,Graduate,No,-0.3942450243676672,0.0,-1.0282575682541717,360.0,1.0,Urban
416,Female,No,1,Graduate,No,-0.4589032835707004,0.0,0.16168785438729685,360.0,1.0,Urban
417,Male,Yes,2,Graduate,Yes,-0.6225950790214174,20000.0,1.101744738274057,360.0,1.0,Urban
418,Male,Yes,0,Graduate,No,-0.7167178614055797,2773.0,-0.4094859484806081,360.0,1.0,Rural
419,Male,Yes,0,Graduate,No,-0.3531583837095372,1417.0,-0.10010013859382624,360.0,1.0,Semiurban
420,Male,Yes,0,Graduate,No,0.06965752393966489,0.0,-0.10010013859382624,360.0,1.0,Rural
421,Female,No,0,Not Graduate,No,-0.43926026811661434,0.0,-0.7902684837258781,360.0,0.0,Urban
422,Male,Yes,0,Graduate,No,-0.5865828840222597,1719.0,-0.5522793991975843,360.0,1.0,Urban
423,Male,Yes,1,Graduate,No,0.30226356527513376,1667.0,-0.43328485693343743,360.0,0.0,Urban
424,Male,Yes,0,Graduate,No,1.5512319645641046,0.0,-0.5998772161032431,360.0,1.0,Semiurban
425,Male,Yes,0,Graduate,No,-0.4480996250709531,4300.0,-0.3023908604428759,360.0,1.0,Rural
426,Female,No,1,Not Graduate,No,-0.13053754189656205,0.0,-0.7783690294994634,360.0,1.0,Rural
427,Male,Yes,2,Graduate,No,0.08700885425744088,0.0,-0.15959740972589967,360.0,1.0,Semiurban
428,Male,Yes,0,Graduate,No,-0.40652190902647095,16.12000084,-0.7069723041409752,360.0,1.0,Rural
429,Male,No,0,Not Graduate,No,-0.4397513435029665,0.0,-1.0282575682541717,180.0,1.0,Urban
430,Female,No,1,Graduate,Yes,0.527176092224419,0.0,0.04269331212315,360.0,1.0,Semiurban
431,Male,No,0,Graduate,No,0.17949471868709602,0.0,-0.4927821280655109,360.0,0.0,Rural
432,Male,No,0,Graduate,No,1.2231936064808677,0.0,3.0770541398588946,360.0,1.0,Semiurban
433,Male,Yes,0,Graduate,No,-0.48754934777457587,2340.0,-0.040602867461752803,360.0,1.0,Semiurban
434,Male,No,0,Graduate,No,-0.2706577188023758,0.0,-0.5522793991975843,360.0,1.0,Urban
435,Female,Yes,0,Graduate,No,0.7601095171507893,0.0,0.0,240.0,1.0,Semiurban
436,Male,No,0,Graduate,No,-0.5692315537044836,1851.0,-1.1472521105183187,360.0,1.0,Semiurban
437,Male,Yes,0,Graduate,No,-0.5222520084101279,1125.0,0.0,360.0,1.0,Urban
438,Male,No,0,Graduate,Yes,0.8205117896721039,0.0,0.4829731185004934,360.0,0.0,Urban
439,Female,Yes,0,Not Graduate,Yes,0.28458485136645634,0.0,-0.10010013859382624,360.0,1.0,Rural
440,Male,No,0,Graduate,No,-0.28538998039294033,5064.0,0.4829731185004934,360.0,1.0,Semiurban
441,Male,Yes,0,Graduate,No,0.40882692411355054,1833.0,0.3996769389155906,360.0,1.0,Rural
442,Male,No,3+,Not Graduate,No,-0.11400467055603962,1993.0,0.018894403670320626,360.0,1.0,Semiurban
443,Male,No,1,Graduate,No,5.289788880863031,0.0,0.06649222057597937,360.0,1.0,Semiurban
444,Male,Yes,0,Graduate,No,0.3158499842975433,8333.0,0.34017966778351716,300.0,1.0,Rural
445,Male,Yes,1,Graduate,Yes,-0.3171461887103795,1210.0,-0.19529577240514373,360.0,1.0,Rural
446,Male,Yes,2,Not Graduate,No,-0.12300771930582906,0.0,-0.43328485693343743,360.0,1.0,Rural
447,Male,Yes,0,Graduate,No,-0.3051966876424771,1376.0,-1.0877548393862453,360.0,1.0,Rural
448,Male,Yes,2,Graduate,No,-0.3377713549371698,1710.0,0.04269331212315,360.0,0.0,Rural
449,Male,No,1,Not Graduate,Yes,-0.43123937013952923,1542.0,0.5186714811797375,360.0,1.0,Semiurban
450,Male,Yes,2,Not Graduate,No,-0.5065375960468591,1255.0,-0.25479304353721716,360.0,0.0,Rural
451,Male,Yes,2,Not Graduate,No,-0.5639934162500607,1456.0,-1.0282575682541717,300.0,1.0,Urban
452,Male,Yes,0,Graduate,No,-0.23824674330313383,1733.0,0.030793857896735312,360.0,0.0,Rural
453,Male,Yes,0,Graduate,No,-0.4780552236384343,2466.0,-0.6712739414617311,180.0,0.0,Rural
454,Male,No,0,Graduate,Yes,0.2752544190257655,0.0,-0.7426706668202193,360.0,1.0,Semiurban
455,Male,Yes,2,Graduate,No,-0.2528153130982477,0.0,-0.5998772161032431,360.0,1.0,Semiurban
456,Male,Yes,0,Graduate,No,-0.18046353950903074,0.0,-0.33808922312212,360.0,1.0,Urban
457,Male,Yes,0,Graduate,No,-0.27753277421130595,2569.0,0.31638075933068777,360.0,1.0,Urban
458,Male,No,2,Graduate,No,-0.17178787435014273,0.0,-0.12389904704665561,360.0,1.0,Rural
459,Male,Yes,0,Graduate,No,0.479705471543711,0.0,0.16168785438729685,360.0,1.0,Semiurban
460,Male,Yes,0,Graduate,Yes,-0.5435319418187211,4083.0,0.16168785438729685,360.0,1.0,Semiurban
461,Male,Yes,3+,Graduate,No,0.3824725450459851,0.0,-0.2190946808579731,180.0,1.0,Urban
462,Male,Yes,0,Graduate,No,-0.3909711884586528,2188.0,0.07839167480239406,360.0,1.0,Rural
463,Female,No,1,Not Graduate,No,-0.03477784155789258,0.0,-0.17149686395231437,360.0,1.0,Semiurban
464,Male,No,0,Graduate,No,-0.20256193189487753,0.0,-0.5760783076504137,360.0,0.0,Semiurban
465,Male,No,0,Graduate,No,0.09764882096173749,0.0,-0.07630123014099686,360.0,1.0,Rural
466,Male,Yes,3+,Not Graduate,No,-0.4021022305493016,1664.0,-0.909263025990025,180.0,0.0,Urban
467,Male,Yes,0,Graduate,No,1.8478414979208038,0.0,-0.43328485693343743,360.0,1.0,Semiurban
468,Female,Yes,2,Not Graduate,No,-0.8501266746979141,2917.0,-0.5760783076504137,360.0,1.0,Semiurban
469,Male,Yes,0,Graduate,No,-0.1752254020546078,2451.0,-0.43328485693343743,360.0,1.0,Urban
470,Male,Yes,1,Graduate,Yes,-0.31976525743759093,2079.0,0.18548676284012625,360.0,1.0,Semiurban
471,Male,Yes,1,Not Graduate,No,-0.4502276184118124,1500.0,-0.3975864942541934,180.0,0.0,Rural
472,Male,Yes,3+,Graduate,No,-0.1166237392832511,0.0,-0.5522793991975843,360.0,1.0,Semiurban
473,Female,No,0,Graduate,Yes,-0.4752724631157721,0.0,-0.6355755787824872,360.0,1.0,Urban
474,Male,No,2,Graduate,No,0.021041060690801926,4648.0,0.18548676284012625,360.0,1.0,Rural
475,Male,Yes,2,Graduate,Yes,1.820504968080534,1014.0,0.04269331212315,360.0,1.0,Rural
476,Male,Yes,2,Graduate,No,0.2122330777772394,1750.0,0.9946496502363249,300.0,1.0,Semiurban
477,Male,Yes,2,Graduate,No,-0.41421542341265466,1872.0,-0.17149686395231437,360.0,0.0,Semiurban
478,Male,Yes,1,Graduate,Yes,1.843749203034536,2250.0,-0.7188717583673899,360.0,1.0,Semiurban
479,Male,Yes,2,Graduate,No,-0.4021022305493016,1603.0,0.0,360.0,1.0,Urban
480,Female,No,0,Not Graduate,No,-0.1724426415319456,0.0,0.09029112902880874,360.0,1.0,Rural
481,Male,Yes,3+,Not Graduate,No,-0.37787584482259545,0.0,-0.3975864942541934,360.0,1.0,Rural
482,Male,Yes,0,Graduate,No,-0.5435319418187211,3150.0,-0.2190946808579731,360.0,1.0,Semiurban
483,Male,Yes,0,Graduate,No,0.8887712683750529,0.0,1.0422474671419837,360.0,1.0,Semiurban
484,Male,Yes,2,Graduate,No,0.47954177974826034,0.0,1.1850409178589598,360.0,1.0,Semiurban
485,Male,Yes,1,Not Graduate,No,-0.5639934162500607,2436.0,-0.18339631817872903,360.0,1.0,Rural
486,Male,No,2,Graduate,No,-0.3038871532788714,0.0,-0.7902684837258781,360.0,0.0,Rural
487,Male,Yes,1,Graduate,No,2.1164597342554305,0.0,4.20750229136829,360.0,1.0,Urban
488,Male,Yes,2,Graduate,Yes,-0.13430245319192854,2083.0,0.16168785438729685,360.0,1.0,Semiurban
489,Male,No,0,Graduate,No,-0.4859124298200687,0.0,-0.8497657548579515,360.0,1.0,Urban
490,Male,No,0,Not Graduate,No,-0.44269779582107943,2785.0,-0.5998772161032431,360.0,1.0,Semiurban
491,Male,Yes,1,Not Graduate,No,-0.011533606603890764,1131.0,0.4710736642740787,360.0,1.0,Urban
492,Male,No,0,Not Graduate,No,-0.28031553473396814,0.0,-0.43328485693343743,360.0,1.0,Rural
493,Female,No,0,Not Graduate,Yes,1.9413095131231632,0.0,0.9351523791042515,360.0,1.0,Semiurban
494,Male,Yes,0,Graduate,No,-0.2957025635063355,2157.0,-0.3261897688957053,360.0,0.0,Rural
495,Female,Yes,1,Graduate,No,-0.3400630400734798,913.0,-0.4927821280655109,84.0,1.0,Semiurban
496,Male,Yes,0,Not Graduate,No,-0.4589032835707004,1700.0,-0.4689832196126815,360.0,1.0,Rural
497,Male,Yes,0,Graduate,No,-0.12742739778299841,2857.0,-0.4213854027070228,12.0,1.0,Urban
498,Male,Yes,1,Graduate,Yes,-0.4106142039127389,0.0,-0.6117766703296578,360.0,1.0,Semiurban
499,Male,No,0,Graduate,No,0.14397359907429041,4416.0,0.7447611114816165,360.0,0.0,Rural
500,Female,No,0,Graduate,No,-0.7789207436768522,3683.0,-0.3975864942541934,480.0,1.0,Rural
501,Female,No,0,Graduate,No,-0.36739956991374956,0.0,-0.5522793991975843,360.0,1.0,Semiurban
502,Male,Yes,2,Graduate,No,-0.08814136687482634,5624.0,0.7328616572552018,360.0,1.0,Semiurban
503,Male,Yes,1,Not Graduate,No,-0.22155018016716072,5302.0,-0.10010013859382624,360.0,1.0,Rural
504,Male,Yes,0,Not Graduate,No,-0.26018144389352993,1483.0,-0.26669249776363185,300.0,1.0,Semiurban
505,Male,Yes,2,Graduate,No,-0.3099437497105479,4416.0,1.1493425551797158,360.0,1.0,Rural
506,Male,Yes,0,Graduate,No,2.525689222882223,6667.0,3.9695132068399963,360.0,1.0,Urban
507,Male,No,0,Graduate,No,-0.29799424864264557,0.0,-0.5998772161032431,360.0,1.0,Urban
508,Male,Yes,0,Graduate,Yes,-0.4787099908202372,3013.0,0.4948725727269081,360.0,1.0,Urban
509,Female,No,1,Graduate,No,1.2863786395248447,0.0,-1.2662466527824654,360.0,1.0,Urban
510,Male,No,0,Not Graduate,No,-0.29553887171088483,1287.0,-0.5522793991975843,360.0,1.0,Rural
511,Male,Yes,1,Graduate,No,0.1082887876660341,2004.0,1.2326387347646186,360.0,1.0,Semiurban
512,Male,Yes,2,Graduate,No,-0.3471017872778607,2035.0,0.018894403670320626,360.0,1.0,Urban
513,Male,Yes,0,Graduate,No,-0.5358384274325374,6666.0,-0.909263025990025,180.0,1.0,Semiurban
514,Male,No,0,Graduate,No,0.06736583880335484,3666.0,1.9585054425759145,360.0,1.0,Rural
515,Male,Yes,3+,Graduate,No,-0.3171461887103795,3428.0,0.04269331212315,360.0,1.0,Rural
516,Female,Yes,2,Graduate,No,-0.5520439151821583,1632.0,-0.3975864942541934,480.0,1.0,Semiurban
517,Male,Yes,0,Not Graduate,No,-0.38131337252706055,1800.0,-0.27859195199004655,360.0,0.0,Semiurban
518,Male,No,0,Graduate,No,-0.11793327364685684,1915.0,0.459174210047664,360.0,1.0,Semiurban
519,Female,No,0,Not Graduate,No,-0.32794984721012677,0.0,-0.6117766703296578,360.0,1.0,Rural
520,Male,Yes,2,Not Graduate,No,-0.5256895361145929,1742.0,-1.206749381650392,360.0,1.0,Semiurban
521,Male,No,0,Graduate,No,-0.4752724631157721,0.0,-1.0877548393862453,360.0,1.0,Semiurban
522,Male,Yes,3+,Graduate,Yes,0.04477637103115589,1424.0,-0.5522793991975843,360.0,1.0,Rural
523,Male,Yes,2,Graduate,Yes,0.41652043849973425,7166.0,3.9695132068399963,360.0,1.0,Rural
524,Male,No,0,Graduate,No,-0.11842434903320899,2087.0,0.0,360.0,1.0,Semiurban
525,Male,Yes,2,Graduate,Yes,1.9801044686449831,0.0,3.0175568687268215,360.0,1.0,Rural
526,Male,Yes,0,Graduate,No,-0.2665654239161079,0.0,-0.43328485693343743,360.0,1.0,Semiurban
527,Male,Yes,1,Not Graduate,No,-0.01939081278552518,1430.0,0.17358730861371155,360.0,0.0,Semiurban
528,Male,No,1,Not Graduate,No,-0.44597163173009374,1302.0,-0.6236761245560725,360.0,1.0,Semiurban
529,Male,No,0,Not Graduate,No,0.22581949679964894,0.0,-0.19529577240514373,360.0,1.0,Semiurban
530,Male,Yes,0,Graduate,No,-0.7167178614055797,5500.0,0.8280572910665193,360.0,1.0,Rural
531,Male,Yes,3+,Graduate,No,-0.18373737541804508,0.0,-0.5522793991975843,360.0,1.0,Urban
532,Male,No,2,Graduate,No,-0.297175789665392,0.0,-0.43328485693343743,360.0,0.0,Rural
533,Male,No,1,Graduate,No,0.9570307470780018,0.0,0.5900682065382256,360.0,1.0,Semiurban
534,Female,No,0,Not Graduate,Yes,2.08895951261971,0.0,-0.25479304353721716,360.0,1.0,Urban
535,Male,No,0,Not Graduate,No,-0.46708787334323626,2042.0,-0.2428935893108025,360.0,1.0,Rural
536,Male,Yes,0,Graduate,No,0.11941982975668286,3906.0,2.1131983475193055,360.0,1.0,Urban
537,Male,No,2,Graduate,No,-0.2924287275973212,0.0,-0.4689832196126815,360.0,1.0,Semiurban
538,Male,Yes,0,Not Graduate,No,-0.4070129844128231,536.0,-0.9568608428956836,360.0,1.0,Rural
539,Male,Yes,3+,Graduate,No,0.16590829966468648,0.0,0.1259894917080528,180.0,1.0,Rural
540,Female,Yes,1,Graduate,No,-0.1302101583056606,2845.0,-0.07630123014099686,180.0,1.0,Semiurban
541,Female,No,0,Graduate,No,-0.5345288930689317,0.0,-0.564178853423999,360.0,0.0,Semiurban
542,Female,No,1,Graduate,No,-0.2866995147565461,0.0,-0.6117766703296578,360.0,1.0,Semiurban
543,Male,Yes,1,Not Graduate,No,-0.5179960217284092,2524.0,-0.2190946808579731,360.0,1.0,Urban
544,Female,Yes,0,Not Graduate,No,-0.3906438048677514,663.0,-0.5284804907447549,360.0,1.0,Semiurban
545,Male,Yes,0,Graduate,No,-0.43140306193497996,1950.0,0.10219058325522343,360.0,1.0,Rural
546,Male,No,0,Not Graduate,No,-0.3348249026190569,0.0,-0.7902684837258781,36.0,1.0,Semiurban
547,Male,No,0,Graduate,No,-0.4710164764340535,1783.0,-0.01680395900892343,360.0,1.0,Rural
548,Female,No,0,Graduate,No,-0.06604297448897953,0.0,-0.5165810365183403,360.0,0.0,Semiurban
549,Male,Yes,0,Graduate,No,-0.4286203014123178,2016.0,-0.43328485693343743,360.0,1.0,Rural
550,Male,Yes,2,Graduate,Yes,0.20126572748204138,0.0,0.0,360.0,0.0,Rural
551,Male,Yes,1,Not Graduate,No,-0.47658199747937785,2375.0,0.0,360.0,1.0,Rural
552,Male,Yes,1,Graduate,No,-0.33891719750532484,3250.0,0.1378889459344675,360.0,1.0,Urban
553,Male,Yes,0,Not Graduate,No,-0.4828022857065051,2333.0,0.4115763931420053,360.0,0.0,Urban
554,Male,Yes,0,Graduate,No,-0.2963573306881384,4266.0,-0.17149686395231437,180.0,0.0,Rural
555,Male,Yes,1,Graduate,No,0.010564785781956035,1032.0,-1.4328390119522711,360.0,1.0,Semiurban
556,Female,No,0,Graduate,No,-0.44793593327550235,1625.0,-0.7426706668202193,360.0,1.0,Urban
557,Male,Yes,3+,Graduate,Yes,0.7751691623322553,0.0,1.3516332770287656,360.0,1.0,Semiurban
558,Male,Yes,0,Graduate,No,-0.24823194282562758,2669.0,0.18548676284012625,360.0,1.0,Semiurban
559,Female,Yes,0,Graduate,No,-0.2002702467585675,2306.0,0.42347584736842,360.0,1.0,Semiurban
560,Male,Yes,2,Not Graduate,No,-0.2829346034611796,242.0,-0.4570837653862668,360.0,1.0,Semiurban
561,Female,Yes,1,Graduate,Yes,2.3048689908192057,0.0,5.3974477140097585,360.0,1.0,Semiurban
562,Male,Yes,0,Graduate,No,0.08504455271203229,2054.0,0.7685600199344459,360.0,1.0,Rural
563,Male,No,0,Not Graduate,Yes,0.06491046187159409,0.0,-0.17149686395231437,360.0,1.0,Semiurban
564,Male,Yes,2,Graduate,No,0.5558221564282945,0.0,1.3278343685759362,360.0,0.0,Urban
565,Male,Yes,0,Not Graduate,No,-0.1532907014642117,0.0,-0.3142903146692906,360.0,1.0,Rural
566,Male,No,0,Graduate,No,-0.33891719750532484,0.0,-0.909263025990025,360.0,1.0,Urban
567,Male,Yes,3+,Graduate,No,-0.32794984721012677,2500.0,-0.27859195199004655,360.0,0.0,Rural
568,Female,No,0,Graduate,No,-0.4952428621607596,0.0,-1.6351297338013209,360.0,1.0,Urban
569,Male,Yes,0,Graduate,No,-0.3662537273455946,2064.0,-0.5046815822919256,360.0,0.0,Urban
570,Male,Yes,1,Graduate,No,-0.3251670866874646,1750.0,0.4710736642740787,360.0,1.0,Urban
571,Male,Yes,0,Graduate,No,-0.04705472621669636,1451.0,0.2211851255193703,360.0,0.0,Urban
572,Male,Yes,2,Graduate,No,1.843585511239085,0.0,1.530125090424986,360.0,1.0,Urban
573,Male,Yes,2,Not Graduate,No,0.11811029539307712,1625.0,0.4829731185004934,480.0,1.0,Semiurban
574,Male,Yes,3+,Graduate,No,0.1641076899147286,0.0,0.04269331212315,360.0,1.0,Semiurban
575,Male,Yes,2,Graduate,No,-0.36739956991374956,461.0,-0.4570837653862668,84.0,1.0,Urban
576,Male,Yes,0,Graduate,No,-0.3791853791862012,2210.0,-0.12389904704665561,360.0,0.0,Semiurban
577,Male,No,0,Graduate,No,-0.3559411442321994,2739.0,-0.43328485693343743,360.0,1.0,Urban
578,Male,Yes,1,Graduate,No,-0.592803172249387,2232.0,-0.4689832196126815,360.0,1.0,Rural
579,Male,No,0,Graduate,No,-0.36363465861838307,2917.0,0.17358730861371155,360.0,1.0,Urban
580,Male,Yes,2,Graduate,No,0.1860423905051247,0.0,0.6971632945759577,360.0,1.0,Semiurban
581,Male,No,0,Graduate,No,-0.5839638152950483,33837.0,-0.6712739414617311,360.0,1.0,Urban
582,Female,Yes,0,Graduate,No,-0.3662537273455946,0.0,-1.3138444696881242,360.0,1.0,Semiurban
583,Male,Yes,1,Graduate,No,-0.5767613762952166,0.0,-1.016358114027757,360.0,1.0,Rural
584,Male,Yes,1,Graduate,No,-0.4282929178214163,1917.0,-0.004904504782508747,360.0,0.0,Rural
585,Male,Yes,1,Graduate,No,-0.18340999182714365,3000.0,0.3044813051042731,84.0,1.0,Rural
586,Male,Yes,0,Graduate,No,-0.5085018975922677,1522.0,-0.5046815822919256,360.0,1.0,Urban
587,Female,No,0,Not Graduate,No,-0.5301092145917623,0.0,-0.909263025990025,360.0,1.0,Semiurban
588,Male,No,0,Graduate,No,-0.10696592335165879,0.0,-0.6236761245560725,360.0,1.0,Semiurban
589,Male,Yes,2,Graduate,Yes,-0.43827811734391003,0.0,-0.4808826738390962,360.0,0.0,Semiurban
590,Male,Yes,0,Graduate,No,-0.3934265653904136,3416.0,-1.0758553851598305,180.0,1.0,Semiurban
591,Male,Yes,2,Graduate,Yes,0.09764882096173749,0.0,0.6971632945759577,240.0,1.0,Semiurban
592,Male,No,3+,Graduate,Yes,0.6471621782897946,0.0,1.7324158122740354,360.0,1.0,Semiurban
593,Male,Yes,0,Graduate,No,-0.2528153130982477,3300.0,-0.05250232168816749,180.0,1.0,Rural
594,Male,Yes,0,Graduate,Yes,1.7542097909229937,0.0,1.3516332770287656,360.0,1.0,Urban
595,Male,No,0,Not Graduate,No,-0.2570712997799663,0.0,-0.43328485693343743,360.0,1.0,Rural
596,Male,Yes,2,Not Graduate,Yes,0.1603427786193621,1000.0,0.4829731185004934,360.0,1.0,Rural
597,Male,No,0,Graduate,No,-0.39555455873127293,0.0,-0.6950728499145605,360.0,0.0,Semiurban
598,Male,Yes,0,Graduate,Yes,0.7463594063329291,0.0,0.3996769389155906,360.0,1.0,Rural
599,Male,Yes,2,Graduate,No,0.061636625962579746,0.0,0.5424703896325668,360.0,1.0,Urban
600,Female,No,3+,Graduate,No,-0.8164061648350663,41667.0,2.4225841574060873,180.0,1.0,Urban
601,Male,Yes,0,Not Graduate,No,-0.4107778957081896,2792.0,0.10219058325522343,360.0,1.0,Rural
602,Male,Yes,3+,Graduate,No,0.049032357712874536,0.0,-0.2190946808579731,360.0,1.0,Urban
603,Male,No,0,Graduate,No,-0.2827709116657289,4301.0,0.3044813051042731,360.0,1.0,Rural
604,Female,Yes,1,Graduate,No,1.0797995936660396,0.0,4.159904474462631,360.0,1.0,Semiurban
605,Male,Yes,0,Not Graduate,No,-0.4916416426608438,3800.0,0.0,180.0,1.0,Urban
606,Male,Yes,1,Graduate,No,-0.32794984721012677,2500.0,0.31638075933068777,360.0,1.0,Semiurban
607,Male,Yes,2,Not Graduate,No,-0.23186276328055588,1411.0,0.1259894917080528,360.0,1.0,Rural
608,Male,Yes,0,Graduate,No,-0.35545006884584723,1950.0,-0.4570837653862668,360.0,1.0,Rural
609,Female,No,0,Graduate,No,-0.4097957449354853,0.0,-0.8973635717636103,360.0,1.0,Rural
610,Male,Yes,3+,Graduate,No,-0.21238343962192055,0.0,-1.2662466527824654,180.0,1.0,Rural
611,Male,Yes,1,Graduate,No,0.4368182211356232,240.0,1.2683370974438628,360.0,1.0,Urban
612,Male,Yes,2,Graduate,No,0.35677293316022257,0.0,0.4829731185004934,360.0,1.0,Urban
613,Female,No,0,Graduate,Yes,-0.13430245319192854,0.0,-0.15959740972589967,360.0,0.0,Semiurban
